<?xml version="1.0" encoding="UTF-8"?>
<beans:beans xmlns="http://www.springframework.org/schema/mvc"
	xmlns:xsi="http://www.w3.org/2001/XMLSchema-instance"
	xmlns:beans="http://www.springframework.org/schema/beans"
	xmlns:context="http://www.springframework.org/schema/context"
	xmlns:security="http://www.springframework.org/schema/security"
	
	xsi:schemaLocation="http://www.springframework.org/schema/mvc 
		https://www.springframework.org/schema/mvc/spring-mvc.xsd
		http://www.springframework.org/schema/beans 
		https://www.springframework.org/schema/beans/spring-beans.xsd
		http://www.springframework.org/schema/context 
		https://www.springframework.org/schema/context/spring-context.xsd
		http://www.springframework.org/schema/security 
		http://www.springframework.org/schema/security/spring-security-5.2.xsd">
		

	<!-- DispatcherServlet Context: defines this servlet's request-processing infrastructure -->
	
	<!-- Enables the Spring MVC @Controller programming model -->
	<annotation-driven >
		<argument-resolvers>
			<beans:bean class="org.springframework.security.web.method.annotation.AuthenticationPrincipalArgumentResolver"/>
		</argument-resolvers>
	</annotation-driven>

	<!-- Handles HTTP GET requests for /resources/** by efficiently serving up static resources in the ${webappRoot}/resources directory -->
	<resources mapping="/resources/**" location="/resources/" />
	

	<!-- 8.25 파일 업로드 우선순위 지정 -->
	<beans:bean class="org.springframework.web.servlet.view.BeanNameViewResolver">
		<beans:property name="order" value="0"></beans:property>	
	</beans:bean>


	<!-- Resolves views selected for rendering by @Controllers to .jsp resources in the /WEB-INF/views directory -->
	<beans:bean class="org.springframework.web.servlet.view.InternalResourceViewResolver">
		<beans:property name="prefix" value="/WEB-INF/views/" />
		<beans:property name="suffix" value=".jsp" />
		<beans:property name="order" value="1"></beans:property>		
	</beans:bean>
	
	<context:component-scan base-package="com.board.controller" />
	<context:component-scan base-package="com.member.controller" />
	
	<!-- 스프링 시큐리티 어노테이션을 사용하기 위한 설정 추가 8.30 -->
	<security:global-method-security pre-post-annotations="enabled" secured-annotations="enabled"/>
	
	
	
</beans:beans>
